{
  "timestamp": "2026-01-14T22:56:24.925273",
  "iterations": 20,
  "queries": {
    "simple_filter": {
      "p50": 228.70361599780153,
      "p95": 2544.7439970012056,
      "p99": 2544.7439970012056,
      "min": 144.0376240061596,
      "max": 2544.7439970012056,
      "mean": 394.75759774868493,
      "iterations": 20
    },
    "aggregation": {
      "p50": 256.77829750202363,
      "p95": 530.7088649860816,
      "p99": 530.7088649860816,
      "min": 153.20963998965453,
      "max": 530.7088649860816,
      "mean": 294.1225274975295,
      "iterations": 20
    },
    "multi_symbol": {
      "p50": 557.6590284981648,
      "p95": 4440.204568003537,
      "p99": 4440.204568003537,
      "min": 328.2302389998222,
      "max": 4440.204568003537,
      "mean": 875.7953430504131,
      "iterations": 20
    },
    "time_range_scan": {
      "p50": 161.0965185027453,
      "p95": 298.7745660066139,
      "p99": 298.7745660066139,
      "min": 112.12421501113568,
      "max": 298.7745660066139,
      "mean": 176.65819845205988,
      "iterations": 20
    },
    "api_endpoint": {
      "p50": 388.3186075036065,
      "p95": 681.0971160011832,
      "p99": 681.0971160011832,
      "min": 198.5922309977468,
      "max": 681.0971160011832,
      "mean": 413.6228971008677,
      "iterations": 20
    }
  },
  "ingestion": {
    "messages_per_second": 0,
    "total_messages": 0
  },
  "resources": {
    "cpu_percent": 91.7,
    "memory_used_mb": 4727.99609375,
    "memory_percent": 92.6,
    "disk_used_gb": 10.490707397460938,
    "disk_percent": 56.3,
    "bytes_sent": 1466313728,
    "bytes_recv": 1557225472
  },
  "storage": {
    "symbols_count": 2,
    "estimated_compression_ratio": 10.0,
    "format": "Parquet (Snappy)"
  }
}